<settings>
  <Tag>Office04</Tag>
  <Hosts>192.168.131.191:6766;</Hosts>
  <Delay>3000</Delay>
  <Mutex>76ab6690-fcbd-4c5b-ad5d-cc63dc49b631</Mutex>
  <UnattendedMode>False</UnattendedMode>
  <InstallClient>False</InstallClient>
  <InstallName>Client</InstallName>
  <InstallPath>1</InstallPath>
  <InstallSub>SubDir</InstallSub>
  <HideFile>False</HideFile>
  <HideSubDirectory>False</HideSubDirectory>
  <AddStartup>False</AddStartup>
  <RegistryName>Quasar Client Startup</RegistryName>
  <ChangeIcon>False</ChangeIcon>
  <IconPath>
  </IconPath>
  <ChangeAsmInfo>False</ChangeAsmInfo>
  <Keylogger>False</Keylogger>
  <LogDirectoryName>Logs</LogDirectoryName>
  <HideLogDirectory>False</HideLogDirectory>
  <ProductName>
  </ProductName>
  <Description>
  </Description>
  <CompanyName>
  </CompanyName>
  <Copyright>
  </Copyright>
  <Trademarks>
  </Trademarks>
  <OriginalFilename>
  </OriginalFilename>
  <ProductVersion>
  </ProductVersion>
  <FileVersion>
  </FileVersion>
</settings>